hour,opti_function,volatility,event
168.0,-399.0357666666667,1.0,NORMAL
169.0,-376.1130794590424,1.0,NORMAL
170.0,106.95440265577464,1.0,NORMAL
171.0,-317.7112488778649,1.0,NORMAL
172.0,-206.80243795908441,1.0,NORMAL
173.0,177.90752770689036,1.0,NORMAL
174.0,-114.3392968598422,1.0,NORMAL
175.0,-114.22691944688047,1.0,NORMAL
176.0,-545.9959919481479,1.0,NORMAL
177.0,-610.3010383064133,1.0,NORMAL
178.0,160.7896093681153,1.0,NORMAL
179.0,-251.8773225561542,1.0,NORMAL
180.0,-209.95624412307262,1.0,NORMAL
181.0,-199.97450709011702,1.0,NORMAL
182.0,160.92674411118736,1.0,NORMAL
183.0,-314.702135983164,1.0,NORMAL
184.0,-435.3066765161106,1.0,NORMAL
185.0,-400.6658023245179,1.0,NORMAL
186.0,-469.1493633926051,1.0,NORMAL
187.0,-444.34910910191,1.0,NORMAL
188.0,-461.5705798357428,1.0,NORMAL
189.0,18.544050986288667,1.0,NORMAL
190.0,-484.20395387526446,1.0,NORMAL
191.0,-478.3174278239583,1.0,NORMAL
192.0,70.33333333333334,1.0,NORMAL
193.0,-413.54054021475133,1.0,NORMAL
194.0,-402.3531484824451,1.0,NORMAL
195.0,-438.5813704247176,1.0,NORMAL
196.0,-427.51994950390446,1.0,NORMAL
197.0,-429.4885926585928,1.0,NORMAL
198.0,-431.54099548693654,1.0,NORMAL
199.0,-438.1000500660061,1.0,NORMAL
200.0,-449.2549052868343,1.0,NORMAL
201.0,-442.714659446522,1.0,NORMAL
202.0,-443.3668602307881,1.0,NORMAL
203.0,64.76645069785438,1.0,NORMAL
204.0,91.04414280074371,1.0,NORMAL
205.0,-481.0984819197954,1.0,NORMAL
206.0,-825.9772972268493,1.0,NORMAL
207.0,511.6653305537106,1.0,NORMAL
208.0,-1169.9783787077092,1.0,NORMAL
209.0,-309.55799246273807,1.0,NORMAL
210.0,-488.20833402552813,1.0,NORMAL
211.0,-491.9613256502794,1.0,NORMAL
212.0,-495.8739954538677,1.0,NORMAL
213.0,-499.9531372486291,1.0,NORMAL
214.0,-504.20583390258867,1.0,NORMAL
215.0,-508.6394696378861,1.0,NORMAL
216.0,-424.6666666666667,1.0,NORMAL
217.0,65.62436597486868,1.0,NORMAL
218.0,-402.3531484824451,1.0,NORMAL
219.0,-438.5813704247176,1.0,NORMAL
220.0,63.139370289662715,1.0,NORMAL
221.0,-438.2202163009398,1.0,NORMAL
222.0,-418.36495736190494,1.0,NORMAL
223.0,-433.68072170382953,1.0,NORMAL
224.0,-444.8070990742913,1.0,NORMAL
225.0,-424.80467661728557,1.0,NORMAL
226.0,-449.6786879882599,1.0,NORMAL
227.0,-438.6488610085962,1.0,NORMAL
228.0,-441.250555800405,1.0,NORMAL
229.0,-462.40068317043267,1.0,NORMAL
230.0,-446.7907372586892,1.0,NORMAL
231.0,-463.7912126235276,1.0,NORMAL
232.0,-462.2601169618355,1.0,NORMAL
233.0,70.68719719358445,1.0,NORMAL
234.0,-403.7258739795907,1.0,NORMAL
235.0,-405.97802492199827,1.0,NORMAL
236.0,-380.3224498954195,1.0,NORMAL
237.0,-372.905032400679,1.0,NORMAL
238.0,160.58156716355322,1.0,NORMAL
239.0,-239.96192153303468,1.0,NORMAL
240.0,354.2845752032521,1.0,NORMAL
241.0,1279.5806327250841,1.0,NORMAL
242.0,138.39379793091723,1.0,NORMAL
243.0,381.3370482553869,1.0,NORMAL
244.0,216.6596375035939,1.0,NORMAL
245.0,-451.3176517644604,1.0,NORMAL
246.0,-453.5010590286559,1.0,NORMAL
247.0,-455.77736351471225,1.0,NORMAL
248.0,-458.1505177119204,1.0,NORMAL
249.0,-460.6246422757584,1.0,NORMAL
250.0,-463.20403318284224,1.0,NORMAL
251.0,-465.89316919029767,1.0,NORMAL
252.0,-468.6967196125053,1.0,NORMAL
253.0,-471.61955242872205,1.0,NORMAL
254.0,-474.6667427356565,1.0,NORMAL
255.0,-477.84358155967595,1.0,NORMAL
256.0,-481.1555850439448,1.0,NORMAL
257.0,-484.6085040264478,1.0,NORMAL
258.0,-488.20833402552813,1.0,NORMAL
259.0,-491.9613256502794,1.0,NORMAL
260.0,-495.8739954538677,1.0,NORMAL
261.0,-499.9531372486291,1.0,NORMAL
262.0,-504.20583390258867,1.0,NORMAL
263.0,-508.6394696378861,1.0,NORMAL
264.0,-428.9166666666667,1.0,NORMAL
265.0,-409.26926676215635,1.0,NORMAL
266.0,-432.4073126557694,1.0,NORMAL
267.0,-425.63164774511733,1.0,NORMAL
268.0,-428.2144583369337,1.0,NORMAL
269.0,-428.0740696285326,1.0,NORMAL
270.0,-421.3480123934121,1.0,NORMAL
271.0,-398.8378530307572,1.0,NORMAL
272.0,-379.35496197299284,1.0,NORMAL
273.0,-338.4696043889515,1.0,NORMAL
274.0,-289.24645342820224,1.0,NORMAL
275.0,-362.32211535034753,1.0,NORMAL
276.0,763.4684518421296,1.0,NORMAL
277.0,-789.5218727984187,1.0,NORMAL
278.0,-588.533217923202,1.0,NORMAL
279.0,395.4024636166041,1.0,NORMAL
280.0,-95.49908148809294,1.0,NORMAL
281.0,-43.65221766911438,1.0,NORMAL
282.0,238.93570340467704,1.0,NORMAL
283.0,-374.2329879634197,1.0,NORMAL
284.0,-443.2917597992277,1.0,NORMAL
285.0,-394.8003546634048,1.0,NORMAL
286.0,-423.86428239683534,1.0,NORMAL
287.0,-466.01173252113927,1.0,NORMAL
288.0,-441.6666666666667,0.0,CRASH
289.0,-404.99799330956137,0.0,CRASH
290.0,-415.2335045567269,0.0,CRASH
291.0,-416.99849929205055,0.0,CRASH
292.0,-418.8385890910388,0.0,CRASH
293.0,-442.58602812211336,0.0,CRASH
294.0,-435.9330081952804,0.0,CRASH
295.0,-442.5193784281826,0.0,CRASH
296.0,-444.8070990742913,0.0,CRASH
297.0,-442.714659446522,0.0,CRASH
298.0,-436.15334279367755,0.0,CRASH
299.0,-443.1895790388798,0.0,CRASH
300.0,-468.6967196125053,0.0,CRASH
301.0,-434.7440753955647,0.0,CRASH
302.0,-442.14473634586136,0.0,CRASH
303.0,-449.73884368737924,0.0,CRASH
304.0,-471.70785100289015,0.0,CRASH
305.0,-484.6085040264478,0.0,CRASH
306.0,-454.54883396738376,0.0,CRASH
307.0,-475.9446571545283,0.0,CRASH
308.0,-442.50768172795625,0.0,CRASH
309.0,-453.83922669168334,0.0,CRASH
310.0,-438.31364052857435,0.0,CRASH
311.0,-427.248034266214,0.0,CRASH
312.0,-441.6666666666667,0.0,CRASH
313.0,-434.8969074777263,0.0,CRASH
314.0,-416.95088536663116,0.0,CRASH
315.0,-426.32229962136273,0.0,CRASH
316.0,-391.4488969884477,0.0,CRASH
317.0,-419.3572897463775,0.0,CRASH
318.0,-382.7668159582362,0.0,CRASH
319.0,-385.314708242497,0.0,CRASH
320.0,-423.47986828514735,0.0,CRASH
321.0,-383.8409638902561,0.0,CRASH
322.0,-346.26750538920203,0.0,CRASH
323.0,-301.00879978742853,0.0,CRASH
324.0,-468.6967196125053,0.0,CRASH
325.0,-448.57237928299867,0.0,CRASH
326.0,-423.5607326945498,0.0,CRASH
327.0,-426.83348232145744,0.0,CRASH
328.0,-462.2601169618355,0.0,CRASH
329.0,-456.0166917365436,0.0,CRASH
330.0,-444.9318339507711,0.0,CRASH
331.0,-462.84011020345923,0.0,CRASH
332.0,-461.5705798357428,0.0,CRASH
333.0,-475.20594901371135,0.0,CRASH
334.0,-469.20254385477125,0.0,CRASH
335.0,-498.53212236657686,0.0,CRASH
336.0,-429.0816666666667,0.0,CRASH
337.0,-396.23743044728144,0.0,CRASH
338.0,-403.36458474761577,0.0,CRASH
339.0,-406.93488914392196,0.0,CRASH
340.0,-405.5691186014376,0.0,CRASH
341.0,-410.3535427232374,0.0,CRASH
342.0,-395.00984411679065,0.0,CRASH
343.0,-345.09365280878734,0.0,CRASH
344.0,-406.03471297157125,0.0,CRASH
345.0,-327.2617320147774,0.0,CRASH
346.0,-295.4135314655242,0.0,CRASH
347.0,-293.01856345728874,0.0,CRASH
348.0,-448.08770372875375,0.0,CRASH
349.0,-427.0865135543821,0.0,CRASH
350.0,-442.0455179067382,0.0,CRASH
351.0,-409.1481966578012,0.0,CRASH
352.0,-381.35930547889876,0.0,CRASH
353.0,-417.36372738445505,0.0,CRASH
354.0,-429.21921636168224,0.0,CRASH
355.0,-416.22293962824165,0.0,CRASH
356.0,-457.3108209268146,0.0,CRASH
357.0,-448.18967042731276,0.0,CRASH
358.0,-436.6406714822186,0.0,CRASH
359.0,-462.5947495284077,0.0,CRASH
360.0,-429.0816666666667,0.0,CRASH
361.0,-413.3225242576614,0.0,CRASH
362.0,-431.70136811103583,0.0,CRASH
363.0,-412.15794395802743,0.0,CRASH
364.0,-399.7916732466755,0.0,CRASH
365.0,-384.78560237371676,0.0,CRASH
366.0,-380.86317118321506,0.0,CRASH
367.0,-329.43685628726826,0.0,CRASH
368.0,-404.30095810992196,0.0,CRASH
369.0,-404.8128531645125,0.0,CRASH
370.0,-392.15221043525486,0.0,CRASH
371.0,-405.72826640498755,0.0,CRASH
372.0,-447.99621651604673,0.0,CRASH
373.0,-431.69594818352675,0.0,CRASH
374.0,-411.3819118820742,0.0,CRASH
375.0,-431.81935187478723,0.0,CRASH
376.0,-419.08410750483006,0.0,CRASH
377.0,-438.29388704107464,0.0,CRASH
378.0,-407.53672812422735,0.0,CRASH
379.0,-386.98815144117896,0.0,CRASH
380.0,-371.6150081272041,0.0,CRASH
381.0,-353.2614361332271,0.0,CRASH
382.0,-260.70913523188125,0.0,CRASH
383.0,-393.4685800704693,0.0,CRASH
384.0,-429.1666666666667,0.0,CRASH
385.0,-409.05125080506645,0.0,CRASH
386.0,-401.64720393771154,0.0,CRASH
387.0,-424.4170147613823,0.0,CRASH
388.0,-408.41226413665106,0.0,CRASH
389.0,-414.09329712925467,0.0,CRASH
390.0,-411.0986650699959,0.0,CRASH
391.0,-416.94751264941584,0.0,CRASH
392.0,-416.24242822935753,0.0,CRASH
393.0,-415.3484005638108,0.0,CRASH
394.0,-402.23760950201506,0.0,CRASH
395.0,-406.23591868077324,0.0,CRASH
396.0,-448.08770372875375,0.0,CRASH
397.0,-427.0865135543821,0.0,CRASH
398.0,-442.0455179067382,0.0,CRASH
399.0,-437.4871406790337,0.0,CRASH
400.0,-406.5091734961863,0.0,CRASH
401.0,-417.36372738445505,0.0,CRASH
402.0,-407.53672812422735,0.0,CRASH
403.0,-404.1842291625262,0.0,CRASH
404.0,-409.8123514667806,0.0,CRASH
405.0,-353.261436133227,0.0,CRASH
406.0,-413.9905425392766,0.0,CRASH
407.0,-320.6299819597791,0.0,CRASH
408.0,-429.1666666666667,0.0,CRASH
409.0,-409.05125080506645,0.0,CRASH
410.0,-403.36458474761577,0.0,CRASH
411.0,-375.59656025928933,0.0,CRASH
412.0,-376.6818918276271,0.0,CRASH
413.0,-365.61008369275845,0.0,CRASH
414.0,-380.86317118321506,0.0,CRASH
415.0,-384.24006344094727,0.0,CRASH
416.0,-373.9651406178934,0.0,CRASH
417.0,-409.5169101546114,0.0,CRASH
418.0,-430.71747803340725,0.0,CRASH
419.0,-418.8809102515069,0.0,CRASH
420.0,-448.08770372875375,0.0,CRASH
421.0,-440.91481744181607,0.0,CRASH
422.0,-421.60311389029556,0.0,CRASH
423.0,-426.3857692194765,0.0,CRASH
424.0,-428.46570740759734,0.0,CRASH
425.0,-454.46065077019614,0.0,CRASH
426.0,-435.2990837721848,0.0,CRASH
427.0,-435.0090357129853,0.0,CRASH
428.0,-414.931401174594,0.0,CRASH
429.0,-404.74845619973814,0.0,CRASH
430.0,-384.3567571847943,0.0,CRASH
431.0,-431.2821876818915,0.0,CRASH
432.0,-429.1666666666667,0.0,CRASH
433.0,-413.3225242576614,1.0,NORMAL
434.0,-408.08738197485246,1.0,NORMAL
435.0,-422.60405358623825,1.0,NORMAL
436.0,-417.12400931096175,1.0,NORMAL
437.0,-397.56957254847714,1.0,NORMAL
438.0,-387.93694685127366,1.0,NORMAL
439.0,-352.9247026665642,1.0,NORMAL
440.0,-302.0254333749797,1.0,NORMAL
441.0,-346.457651611153,1.0,NORMAL
442.0,-380.45909866969856,1.0,NORMAL
443.0,-293.52894016389257,1.0,NORMAL
444.0,726.2707739574837,1.0,NORMAL
445.0,-1075.3607797226703,1.0,NORMAL
446.0,129.56716037747685,1.0,NORMAL
447.0,269.74625889256527,1.0,NORMAL
448.0,-130.07502739528945,1.0,NORMAL
449.0,-160.24843129706133,1.0,NORMAL
450.0,-337.42879800312096,1.0,NORMAL
451.0,-397.9746153220825,1.0,NORMAL
452.0,-416.8318103998381,1.0,NORMAL
453.0,-431.87929360544314,1.0,NORMAL
454.0,-467.943613724981,1.0,NORMAL
455.0,-450.77926056824714,1.0,NORMAL
456.0,-403.6666666666667,1.0,NORMAL
457.0,90.74129610012355,1.0,NORMAL
458.0,-401.64720393771154,1.0,NORMAL
459.0,-415.78386630831545,1.0,NORMAL
460.0,-421.43430475594954,1.0,NORMAL
461.0,-418.4591089504282,1.0,NORMAL
462.0,-397.9226269449643,1.0,NORMAL
463.0,-416.94751264941584,1.0,NORMAL
464.0,-418.46633133562904,1.0,NORMAL
465.0,-411.09477964186715,1.0,NORMAL
466.0,-408.1752360424367,1.0,NORMAL
467.0,-427.9623463120741,1.0,NORMAL
468.0,-420.64153991665336,0.7,HOLIDAY
469.0,-408.64877503780343,0.7,HOLIDAY
470.0,-438.3287171764759,0.7,HOLIDAY
471.0,-421.7016462407604,0.7,HOLIDAY
472.0,-409.570239325488,0.7,HOLIDAY
473.0,-449.69534872187876,0.7,HOLIDAY
474.0,-421.54677374842873,0.7,HOLIDAY
475.0,-425.31846591946515,0.7,HOLIDAY
476.0,-423.7365979149721,0.7,HOLIDAY
477.0,-414.8948033760545,0.7,HOLIDAY
478.0,-388.7861735168453,0.7,HOLIDAY
479.0,-443.72837511178176,0.7,HOLIDAY
480.0,176.64354166666675,0.7,HOLIDAY
481.0,1042.9914544540416,0.7,HOLIDAY
482.0,-310.16495791641154,0.7,HOLIDAY
483.0,-96.73718107316641,0.7,HOLIDAY
484.0,-85.73688893386996,0.7,HOLIDAY
485.0,898.4286733792843,0.7,HOLIDAY
486.0,-278.3827283215691,0.7,HOLIDAY
487.0,276.1281813220583,0.7,HOLIDAY
488.0,-317.5206704449769,0.7,HOLIDAY
489.0,-389.3626115965097,0.7,HOLIDAY
490.0,-376.9294629453202,0.7,HOLIDAY
491.0,-402.7036289372654,0.7,HOLIDAY
492.0,174.55853123041555,0.7,HOLIDAY
493.0,-426.85087953661736,0.7,HOLIDAY
494.0,-427.5126210710012,0.7,HOLIDAY
495.0,-408.2918499225076,0.7,HOLIDAY
496.0,-334.55793024911173,0.7,HOLIDAY
497.0,-356.2131586969942,0.7,HOLIDAY
498.0,-432.2999044289504,0.7,HOLIDAY
499.0,179.8614692353308,0.7,HOLIDAY
500.0,-412.3657604731045,0.7,HOLIDAY
501.0,-450.98835060702083,0.7,HOLIDAY
502.0,-390.47214378521886,0.7,HOLIDAY
503.0,-388.52375466564683,0.7,HOLIDAY
504.0,-343.80796666666663,0.7,HOLIDAY
505.0,-260.6663568072258,0.7,HOLIDAY
506.0,-309.1198780425005,0.7,HOLIDAY
507.0,-267.38263434463266,0.7,HOLIDAY
508.0,301.92362754984805,0.7,HOLIDAY
509.0,-137.78298887724856,0.7,HOLIDAY
510.0,-128.64462149973392,0.7,HOLIDAY
511.0,409.6330942249117,0.7,HOLIDAY
512.0,-228.42758397602992,0.7,HOLIDAY
513.0,-81.23029544770368,0.7,HOLIDAY
514.0,-139.11379625179052,0.7,HOLIDAY
515.0,-221.88458293847233,0.7,HOLIDAY
516.0,-265.4572702345295,0.7,HOLIDAY
517.0,-360.3769318275489,0.7,HOLIDAY
518.0,-374.9665567273293,0.7,HOLIDAY
519.0,-368.7616883353109,0.7,HOLIDAY
520.0,-421.1456030725882,0.7,HOLIDAY
521.0,-434.492129066927,0.7,HOLIDAY
522.0,-428.08633375972533,0.7,HOLIDAY
523.0,-444.9587843239821,0.7,HOLIDAY
524.0,-457.3108209268146,0.7,HOLIDAY
525.0,144.83055451389384,0.7,HOLIDAY
526.0,-442.94126369082574,0.7,HOLIDAY
527.0,-455.8329342039018,0.7,HOLIDAY
528.0,-412.1666666666667,0.7,HOLIDAY
529.0,-413.3225242576614,0.7,HOLIDAY
530.0,-410.2341079872328,0.7,HOLIDAY
531.0,-389.884420949115,0.7,HOLIDAY
532.0,-404.07158393021825,0.7,HOLIDAY
533.0,-422.8249207716017,0.7,HOLIDAY
534.0,-411.0986650699959,0.7,HOLIDAY
535.0,-439.04415446029856,0.7,HOLIDAY
536.0,-427.3619437607151,0.7,HOLIDAY
537.0,-424.5272667637945,0.7,HOLIDAY
538.0,-430.71747803340725,0.7,HOLIDAY
539.0,-427.9623463120741,0.7,HOLIDAY
540.0,1986.8688771401246,0.7,HOLIDAY
541.0,-496.84115531611724,0.7,HOLIDAY
542.0,1300.8752137236154,0.7,HOLIDAY
543.0,-218.20741802720488,0.7,HOLIDAY
544.0,-456.80890953076135,0.7,HOLIDAY
545.0,-459.22595281851346,0.7,HOLIDAY
546.0,-461.74583381786965,0.7,HOLIDAY
547.0,-464.37292795519556,0.7,HOLIDAY
548.0,-467.1117968177074,0.7,HOLIDAY
549.0,-469.9671960740404,0.7,HOLIDAY
550.0,-472.9440837318121,0.7,HOLIDAY
551.0,-476.04762874652033,0.7,HOLIDAY
552.0,-615.7233333333332,0.7,HOLIDAY
553.0,1020.705373968361,0.7,HOLIDAY
554.0,-238.09629541810756,0.7,HOLIDAY
555.0,-116.60141384921036,0.7,HOLIDAY
556.0,-155.63086517264423,0.7,HOLIDAY
557.0,237.6238891542218,0.7,HOLIDAY
558.0,-326.4189032480427,0.7,HOLIDAY
559.0,-396.31013306372387,0.7,HOLIDAY
560.0,189.7089724891526,0.7,HOLIDAY
561.0,-420.0497710564854,0.7,HOLIDAY
562.0,-430.71747803340725,0.7,HOLIDAY
563.0,-441.5845004029248,0.7,HOLIDAY
564.0,-434.36462182270355,0.7,HOLIDAY
565.0,-408.64877503780343,0.7,HOLIDAY
566.0,-424.3907144379923,0.7,HOLIDAY
567.0,-417.0175232620443,0.7,HOLIDAY
568.0,160.56042557187533,0.7,HOLIDAY
569.0,-439.30699025654684,0.7,HOLIDAY
570.0,173.22781596376672,0.7,HOLIDAY
571.0,148.61277404216463,0.7,HOLIDAY
572.0,196.55928382917986,0.7,HOLIDAY
573.0,-409.03367931449645,0.7,HOLIDAY
574.0,-387.81508224151867,0.7,HOLIDAY
575.0,-332.9053552207842,0.7,HOLIDAY
576.0,319.98673333333335,0.7,HOLIDAY
577.0,-188.869667087866,0.7,HOLIDAY
578.0,440.4086884873914,0.7,HOLIDAY
579.0,-120.91892956626124,0.7,HOLIDAY
580.0,394.5600610272725,0.7,HOLIDAY
581.0,-914.1567539703989,0.7,HOLIDAY
582.0,935.6491162318589,0.7,HOLIDAY
583.0,291.55425704692533,0.7,HOLIDAY
584.0,-440.7053623983443,0.7,HOLIDAY
585.0,-442.43724959303086,0.7,HOLIDAY
586.0,-444.24282322798956,0.7,HOLIDAY
587.0,-446.1252184332084,0.7,HOLIDAY
588.0,-448.08770372875375,0.7,HOLIDAY
589.0,-450.13368670010544,0.7,HOLIDAY
590.0,-452.26671991495954,0.7,HOLIDAY
591.0,-454.49050709177317,0.7,HOLIDAY
592.0,-456.80890953076135,0.7,HOLIDAY
593.0,-459.22595281851346,0.7,HOLIDAY
594.0,-461.74583381786965,0.7,HOLIDAY
595.0,-464.37292795519556,0.7,HOLIDAY
596.0,-467.1117968177074,0.7,HOLIDAY
597.0,-469.9671960740404,0.7,HOLIDAY
598.0,-472.9440837318121,0.7,HOLIDAY
599.0,-476.04762874652033,0.7,HOLIDAY
600.0,-395.1224666666667,0.7,HOLIDAY
601.0,-404.7475156742317,0.7,HOLIDAY
602.0,-397.35375191295094,0.7,HOLIDAY
603.0,-424.4170147613823,0.7,HOLIDAY
604.0,-425.77498496238235,0.7,HOLIDAY
605.0,-409.72748530808116,0.7,HOLIDAY
606.0,-402.3146396533082,0.7,HOLIDAY
607.0,-430.20549773594547,0.7,HOLIDAY
608.0,-411.3498413955602,0.7,HOLIDAY
609.0,-404.5128609521229,0.7,HOLIDAY
610.0,-396.2368646840187,0.7,HOLIDAY
611.0,-386.29217694816174,0.7,HOLIDAY
612.0,-1755.7993371306486,0.7,HOLIDAY
613.0,-737.8889718816148,0.7,HOLIDAY
614.0,895.8765046620501,0.7,HOLIDAY
615.0,373.8632627569249,0.7,HOLIDAY
616.0,-68.7448050249548,0.7,HOLIDAY
617.0,-137.6231812636103,0.7,HOLIDAY
618.0,-278.5919919014846,0.7,HOLIDAY
619.0,-343.39563333165233,0.7,HOLIDAY
620.0,-348.01915866987963,0.7,HOLIDAY
621.0,-385.9999863929645,0.7,HOLIDAY
622.0,-449.8089091982075,0.7,HOLIDAY
623.0,-440.6719132969379,0.7,HOLIDAY
624.0,-403.6666666666667,0.7,HOLIDAY
625.0,-413.3225242576614,1.0,NORMAL
626.0,-410.2341079872328,1.0,NORMAL
627.0,-415.78386630831545,1.0,NORMAL
628.0,-417.09362454951673,1.0,NORMAL
629.0,-405.3616734869076,1.0,NORMAL
630.0,78.25932222166023,1.0,NORMAL
631.0,73.63315898840762,1.0,NORMAL
632.0,-405.12291269799994,1.0,NORMAL
633.0,-415.57227534917627,1.0,NORMAL
634.0,78.56631555936919,1.0,NORMAL
635.0,-432.5030643423577,1.0,NORMAL
636.0,-416.0671792813033,1.0,NORMAL
637.0,-424.78179623980975,1.0,NORMAL
638.0,83.89389780483171,1.0,NORMAL
639.0,106.3477287745657,1.0,NORMAL
640.0,-355.54904085214145,1.0,NORMAL
641.0,-301.91761384109896,1.0,NORMAL
642.0,-153.95370425090678,1.0,NORMAL
643.0,-147.62438010642836,1.0,NORMAL
644.0,-214.75234918864254,1.0,NORMAL
645.0,1121.6310293097042,1.0,NORMAL
646.0,672.8512878391195,1.0,NORMAL
647.0,-1275.0495486851942,1.0,NORMAL
648.0,327.9312666666667,1.0,NORMAL
649.0,857.8353266588271,1.0,NORMAL
650.0,-1129.4744114398693,1.0,NORMAL
651.0,-903.4016664269268,1.0,NORMAL
652.0,-434.456345375248,1.0,NORMAL
653.0,-435.92235623512227,1.0,NORMAL
654.0,-437.45074132005914,1.0,NORMAL
655.0,-439.04415446029856,1.0,NORMAL
656.0,-440.7053623983443,1.0,NORMAL
657.0,-442.43724959303086,1.0,NORMAL
658.0,-444.24282322798956,1.0,NORMAL
659.0,-446.1252184332084,1.0,NORMAL
660.0,-448.08770372875375,1.0,NORMAL
661.0,-450.13368670010544,1.0,NORMAL
662.0,-452.26671991495954,1.0,NORMAL
663.0,-454.49050709177317,1.0,NORMAL
664.0,-456.80890953076135,1.0,NORMAL
665.0,-459.22595281851346,1.0,NORMAL
666.0,-461.74583381786965,1.0,NORMAL
667.0,-464.37292795519556,1.0,NORMAL
668.0,-467.1117968177074,1.0,NORMAL
669.0,-469.9671960740404,1.0,NORMAL
670.0,-472.9440837318121,1.0,NORMAL
671.0,-476.04762874652033,1.0,NORMAL
672.0,-407.6666666666667,1.0,NORMAL
673.0,-399.928965384654,1.0,NORMAL
674.0,89.98285042131737,1.0,NORMAL
675.0,-410.1853915705141,1.0,NORMAL
676.0,113.27778873516355,1.0,NORMAL
677.0,-354.83250365985754,1.0,NORMAL
678.0,-309.50568682267806,1.0,NORMAL
679.0,186.6032771696757,1.0,NORMAL
680.0,-361.14151376354414,1.0,NORMAL
681.0,-317.2877989934291,1.0,NORMAL
682.0,-193.89621662620524,1.0,NORMAL
683.0,-151.16955704560826,1.0,NORMAL
684.0,-1565.7776539567217,1.0,NORMAL
685.0,-1117.3920704120003,1.0,NORMAL
686.0,-436.5867039404717,1.0,NORMAL
687.0,-438.1433549642412,1.0,NORMAL
688.0,-439.76623667153297,1.0,NORMAL
689.0,-441.4581669729594,1.0,NORMAL
690.0,-443.2220836725088,1.0,NORMAL
691.0,-445.06104956863686,1.0,NORMAL
692.0,-446.9782577723952,1.0,NORMAL
693.0,-448.9770372518283,1.0,NORMAL
694.0,-451.0608586122685,1.0,NORMAL
695.0,-453.2333401225642,1.0,NORMAL
696.0,-403.4166666666667,1.0,NORMAL
697.0,-399.928965384654,1.0,NORMAL
698.0,-413.60405362820387,1.0,NORMAL
699.0,-405.8688173439807,1.0,NORMAL
700.0,-406.7567209369423,1.0,NORMAL
701.0,-407.6824020798915,1.0,NORMAL
702.0,-404.25545538232205,1.0,NORMAL
703.0,98.02371877520338,1.0,NORMAL
704.0,81.09966495878814,1.0,NORMAL
705.0,-411.7960918858852,1.0,NORMAL
706.0,-394.90238907403983,1.0,NORMAL
707.0,-409.584062751828,1.0,NORMAL
708.0,-410.7895894333773,1.0,NORMAL
709.0,-406.19242556533675,1.0,NORMAL
710.0,-389.58961710666995,1.0,NORMAL
711.0,-416.6432304919343,1.0,NORMAL
712.0,-369.8048213241189,1.0,NORMAL
713.0,-313.36398873295946,1.0,NORMAL
714.0,162.8745940751447,1.0,NORMAL
715.0,-207.38746214221277,1.0,NORMAL
716.0,652.9621564416334,1.0,NORMAL
717.0,267.7051143462295,1.0,NORMAL
718.0,-481.04892611099797,1.0,NORMAL
719.0,1081.120482766481,1.0,NORMAL
720.0,-286.7713333333334,1.0,NORMAL
721.0,-362.0626600102529,1.0,NORMAL
722.0,838.3443318851399,1.0,NORMAL
723.0,-253.49371392527922,1.0,NORMAL
724.0,-424.1194417626736,1.0,NORMAL
725.0,-425.1456493645856,1.0,NORMAL
726.0,-426.21551892404136,1.0,NORMAL
727.0,-427.330908122209,1.0,NORMAL
728.0,-428.493753678841,1.0,NORMAL
729.0,-429.7060747151216,1.0,NORMAL
730.0,-430.96997625959267,1.0,NORMAL
731.0,-432.2876529032459,1.0,NORMAL
732.0,-433.6613926101276,1.0,NORMAL
733.0,-435.0935806900738,1.0,NORMAL
734.0,-436.5867039404717,1.0,NORMAL
735.0,-438.1433549642412,1.0,NORMAL
736.0,-439.76623667153297,1.0,NORMAL
737.0,-441.4581669729594,1.0,NORMAL
738.0,-443.2220836725088,1.0,NORMAL
739.0,-445.06104956863686,1.0,NORMAL
740.0,-446.9782577723952,1.0,NORMAL
741.0,-448.9770372518283,1.0,NORMAL
742.0,-451.0608586122685,1.0,NORMAL
743.0,-453.2333401225642,1.0,NORMAL
744.0,-407.6666666666667,1.0,NORMAL
745.0,-408.471512289844,1.0,NORMAL
746.0,-405.0171495786826,1.0,NORMAL
747.0,-399.3939560041806,1.0,NORMAL
748.0,-413.6149956631062,1.0,NORMAL
749.0,-384.4693806267118,1.0,NORMAL
750.0,-355.48039745108,1.0,NORMAL
751.0,-413.09536760196596,1.0,NORMAL
752.0,-373.3356192758522,1.0,NORMAL
753.0,-359.90281213731413,1.0,NORMAL
754.0,-266.7064622507496,1.0,NORMAL
755.0,-320.7476389201481,1.0,NORMAL
756.0,-458.6692109393674,1.0,NORMAL
757.0,716.8487550574412,1.0,NORMAL
758.0,689.5952352517996,1.0,NORMAL
759.0,-106.0933510695645,1.0,NORMAL
760.0,-439.76623667153297,1.0,NORMAL
761.0,-441.4581669729594,1.0,NORMAL
762.0,-443.2220836725088,1.0,NORMAL
763.0,-445.06104956863686,1.0,NORMAL
764.0,-446.9782577723952,1.0,NORMAL
765.0,-448.9770372518283,1.0,NORMAL
766.0,-451.0608586122685,1.0,NORMAL
767.0,-453.2333401225642,1.0,NORMAL
768.0,-397.6366666666667,1.0,NORMAL
769.0,-392.09544987259477,1.0,NORMAL
770.0,-400.723697553922,1.0,NORMAL
771.0,113.66377646828658,1.0,NORMAL
772.0,-411.0974011433751,1.0,NORMAL
773.0,-398.95077843754444,1.0,NORMAL
774.0,95.77857003436571,1.0,NORMAL
775.0,-405.2342663113263,1.0,NORMAL
776.0,-401.8069164035827,1.0,NORMAL
777.0,-425.2285790078125,1.0,NORMAL
778.0,-403.91928587042804,1.0,NORMAL
779.0,-414.12478078211154,1.0,NORMAL
780.0,-415.3639500687274,1.0,NORMAL
781.0,-401.6290852824836,1.0,NORMAL
782.0,-402.57518965802393,1.0,NORMAL
783.0,-380.0555459051827,1.0,NORMAL
784.0,-298.00109783869937,1.0,NORMAL
785.0,-262.24945284188794,1.0,NORMAL
786.0,-225.40687833292023,1.0,NORMAL
787.0,253.2872960066955,1.0,NORMAL
788.0,280.65336462896806,1.0,NORMAL
789.0,655.0553298448773,1.0,NORMAL
790.0,650.9498053982245,1.0,NORMAL
791.0,69.45357455184566,1.0,NORMAL
792.0,378.1492666666667,1.0,NORMAL
793.0,-1162.6894375391298,1.0,NORMAL
794.0,-364.7892962659212,1.0,NORMAL
795.0,-395.83101030097316,1.0,NORMAL
796.0,-193.0827715535721,1.0,NORMAL
797.0,-234.22708807728506,1.0,NORMAL
798.0,-426.21551892404136,1.0,NORMAL
799.0,-427.330908122209,1.0,NORMAL
800.0,-428.493753678841,1.0,NORMAL
801.0,-429.7060747151216,1.0,NORMAL
802.0,-430.96997625959267,1.0,NORMAL
803.0,-432.2876529032459,1.0,NORMAL
804.0,-433.6613926101276,1.0,NORMAL
805.0,-435.0935806900738,1.0,NORMAL
806.0,-436.5867039404717,1.0,NORMAL
807.0,-438.1433549642412,1.0,NORMAL
808.0,-439.76623667153297,1.0,NORMAL
809.0,-441.4581669729594,1.0,NORMAL
810.0,-443.2220836725088,1.0,NORMAL
811.0,-445.06104956863686,1.0,NORMAL
812.0,-446.9782577723952,1.0,NORMAL
813.0,-448.9770372518283,1.0,NORMAL
814.0,-451.0608586122685,1.0,NORMAL
815.0,-453.2333401225642,1.0,NORMAL
816.0,-386.4166666666667,1.0,NORMAL
817.0,-387.115145026869,1.0,NORMAL
818.0,-387.8433414796402,1.0,NORMAL
819.0,-405.8688173439807,1.0,NORMAL
820.0,-395.47095240021696,1.0,NORMAL
821.0,-398.73248784648575,1.0,NORMAL
822.0,107.24063239440416,1.0,NORMAL
823.0,-349.0398545892342,1.0,NORMAL
824.0,-367.8212291335413,1.0,NORMAL
825.0,138.78590268796773,1.0,NORMAL
826.0,217.67625754838232,1.0,NORMAL
827.0,-201.82861257151188,1.0,NORMAL
828.0,578.1726634968993,1.0,NORMAL
829.0,1125.752683856777,1.0,NORMAL
830.0,-436.5867039404717,1.0,NORMAL
831.0,-438.1433549642412,1.0,NORMAL
832.0,-439.76623667153297,1.0,NORMAL
833.0,-441.4581669729594,1.0,NORMAL
834.0,-443.2220836725088,1.0,NORMAL
835.0,-445.06104956863686,1.0,NORMAL
836.0,-446.9782577723952,1.0,NORMAL
837.0,-448.9770372518283,1.0,NORMAL
838.0,-451.0608586122685,1.0,NORMAL
839.0,-453.2333401225642,1.0,NORMAL
840.0,1555.1706166666665,1.0,NORMAL
841.0,284.1217231735841,1.0,NORMAL
842.0,-422.19095767772507,1.0,NORMAL
843.0,-423.1351142501144,1.0,NORMAL
844.0,-424.1194417626736,1.0,NORMAL
845.0,-425.1456493645856,1.0,NORMAL
846.0,-426.21551892404136,1.0,NORMAL
847.0,-427.330908122209,1.0,NORMAL
848.0,-428.493753678841,1.0,NORMAL
849.0,-429.7060747151216,1.0,NORMAL
850.0,-430.96997625959267,1.0,NORMAL
851.0,-432.2876529032459,1.0,NORMAL
852.0,-433.6613926101276,1.0,NORMAL
853.0,-435.0935806900738,1.0,NORMAL
854.0,-436.5867039404717,1.0,NORMAL
855.0,-438.1433549642412,1.0,NORMAL
856.0,-439.76623667153297,1.0,NORMAL
857.0,-441.4581669729594,1.0,NORMAL
858.0,-443.2220836725088,1.0,NORMAL
859.0,-445.06104956863686,1.0,NORMAL
860.0,-446.9782577723952,1.0,NORMAL
861.0,-448.9770372518283,1.0,NORMAL
862.0,-451.0608586122685,1.0,NORMAL
863.0,-453.2333401225642,1.0,NORMAL
864.0,-411.3199666666667,1.0,NORMAL
865.0,-387.115145026869,1.0,NORMAL
866.0,-412.74536322325173,1.0,NORMAL
867.0,-381.35067573727093,1.0,NORMAL
868.0,-377.8998789245769,1.0,NORMAL
869.0,97.66458581586151,1.0,NORMAL
870.0,-325.06746625088203,1.0,NORMAL
871.0,-351.5447299049158,1.0,NORMAL
872.0,-290.0566748746812,1.0,NORMAL
873.0,655.8699546673257,1.0,NORMAL
874.0,682.5358038057584,1.0,NORMAL
875.0,312.93175044715076,1.0,NORMAL
876.0,669.0852521902596,1.0,NORMAL
877.0,728.6186768473892,1.0,NORMAL
878.0,-436.5867039404717,1.0,NORMAL
879.0,-438.1433549642412,1.0,NORMAL
880.0,-439.76623667153297,1.0,NORMAL
881.0,-441.4581669729594,1.0,NORMAL
882.0,-443.2220836725088,1.0,NORMAL
883.0,-445.06104956863686,1.0,NORMAL
884.0,-446.9782577723952,1.0,NORMAL
885.0,-448.9770372518283,1.0,NORMAL
886.0,-451.0608586122685,1.0,NORMAL
887.0,-453.2333401225642,1.0,NORMAL
