hour,utility,volatility
168.0,-368.20525000000004,1.0
169.0,124.16449999999998,1.0
170.0,-340.195,1.0
171.0,-326.905,1.0
172.0,196.486,1.0
173.0,-290.81875,1.0
174.0,-176.33049999999997,1.0
175.0,-199.666,1.0
176.0,371.713,1.0
177.0,333.6735,1.0
178.0,268.37249999999995,1.0
179.0,1340.7793333333334,1.0
180.0,91.3388285714286,1.0
181.0,1913.6881250000001,1.0
182.0,-169.34887500000013,1.0
183.0,-400.0,1.0
184.0,-400.0,1.0
185.0,-400.0,1.0
186.0,-400.0,1.0
187.0,-400.0,1.0
188.0,-400.0,1.0
189.0,-400.0,1.0
190.0,-400.0,1.0
191.0,-400.0,1.0
192.0,-233.36382500000002,1.0
193.0,-414.5226173469388,1.0
194.0,-279.72488,1.0
195.0,827.594,1.0
196.0,-133.59470000000002,1.0
197.0,-130.95849999999996,1.0
198.0,-257.97625,1.0
199.0,-338.76849999999996,1.0
200.0,-363.25975,1.0
201.0,117.5,1.0
202.0,-385.0,1.0
203.0,-370.0,1.0
204.0,-388.75,1.0
205.0,-381.25,1.0
206.0,-392.5,1.0
207.0,-370.0,1.0
208.0,-370.0,1.0
209.0,-373.75,1.0
210.0,-373.75,1.0
211.0,-381.25,1.0
212.0,-381.25,1.0
213.0,-381.25,1.0
214.0,-377.5,1.0
215.0,-381.25,1.0
216.0,-381.25,1.0
217.0,-388.75,1.0
218.0,-373.75,1.0
219.0,-377.5,1.0
220.0,-381.25,1.0
221.0,-377.5,1.0
222.0,-373.75,1.0
223.0,127.5,1.0
224.0,-365.06125,1.0
225.0,-363.76225,1.0
226.0,-360.13975000000005,1.0
227.0,-356.15425000000005,1.0
228.0,-1324.9607,1.0
229.0,270.36749999999995,1.0
230.0,-239.36179999999996,1.0
231.0,784.8605,1.0
232.0,277.2375,1.0
233.0,-189.76749999999998,1.0
234.0,-151.70125,1.0
235.0,-288.2005,1.0
236.0,-279.2875,1.0
237.0,-307.05100000000004,1.0
238.0,-339.74875,1.0
239.0,-372.8875,1.0
240.0,-366.25,1.0
241.0,-381.25,1.0
242.0,608.75,1.0
243.0,-358.75,1.0
244.0,-385.0,1.0
245.0,-388.75,1.0
246.0,-385.0,1.0
247.0,-377.5,1.0
248.0,-385.0,1.0
249.0,-381.25,1.0
250.0,-392.5,1.0
251.0,120.0,1.0
252.0,-385.0,1.0
253.0,-379.375,1.0
254.0,139.93,1.0
255.0,622.1445,1.0
256.0,158.461,1.0
257.0,194.3175,1.0
258.0,183.84799999999996,1.0
259.0,681.9915,1.0
260.0,-208.46049999999997,1.0
261.0,-125.11299999999999,1.0
262.0,-344.0084000000001,1.0
263.0,375.69450000000006,1.0
264.0,1433.6973333333333,1.0
265.0,-1647.8780000000002,1.0
266.0,-1173.4056727272728,1.0
267.0,-1542.8569999999995,1.0
268.0,-400.0,1.0
269.0,-400.0,1.0
270.0,-400.0,1.0
271.0,-400.0,1.0
272.0,-400.0,1.0
273.0,-400.0,1.0
274.0,-400.0,1.0
275.0,-400.0,1.0
276.0,-400.0,1.0
277.0,-400.0,1.0
278.0,-400.0,1.0
279.0,-400.0,1.0
280.0,-400.0,1.0
281.0,-400.0,1.0
282.0,-400.0,1.0
283.0,-400.0,1.0
284.0,-400.0,1.0
285.0,-400.0,1.0
286.0,-400.0,1.0
287.0,-400.0,1.0
288.0,-399.925,0.0
289.0,-381.25,0.0
290.0,-385.0,0.0
291.0,-381.25,0.0
292.0,-367.0,0.0
293.0,-363.7,0.0
294.0,-365.06125,0.0
295.0,-361.56624999999997,0.0
296.0,-321.48775,0.0
297.0,-313.63675,0.0
298.0,-341.53824999999995,0.0
299.0,-303.733,0.0
300.0,-399.925,0.0
301.0,-385.0,0.0
302.0,-362.875,0.0
303.0,-363.7,0.0
304.0,-380.035,0.0
305.0,-356.07624999999996,0.0
306.0,-327.52675,0.0
307.0,-313.63599999999997,0.0
308.0,-326.923,0.0
309.0,-287.461,0.0
310.0,-375.241,0.0
311.0,-361.8715,0.0
312.0,-400.0,0.0
313.0,-377.5,0.0
314.0,-396.25,0.0
315.0,-385.0,0.0
316.0,-388.75,0.0
317.0,-388.75,0.0
318.0,-385.0,0.0
319.0,-385.0,0.0
320.0,-381.25,0.0
321.0,-358.75,0.0
322.0,-367.0,0.0
323.0,-372.77500000000003,0.0
324.0,-400.0,0.0
325.0,-381.25,0.0
326.0,-371.125,0.0
327.0,-377.3125,0.0
328.0,-355.07875,0.0
329.0,-339.6055,0.0
330.0,-327.52675,0.0
331.0,-326.923,0.0
332.0,-356.1535,0.0
333.0,-351.769,0.0
334.0,-338.10325,0.0
335.0,-265.7875,0.0
336.0,-400.0,0.0
337.0,-388.75,0.0
338.0,-375.25,0.0
339.0,-372.77500000000003,0.0
340.0,-395.00875,0.0
341.0,-356.077,0.0
342.0,-351.68425,0.0
343.0,-386.04925000000003,0.0
344.0,-377.5,0.0
345.0,-381.25,0.0
346.0,-379.375,0.0
347.0,-377.3125,0.0
348.0,-400.0,0.0
349.0,-373.75,0.0
350.0,-379.375,0.0
351.0,-363.7,0.0
352.0,-385.02625,0.0
353.0,-356.07550000000003,0.0
354.0,-363.76300000000003,0.0
355.0,-360.139,0.0
356.0,-312.30775,0.0
357.0,-327.6535,0.0
358.0,-311.57725,0.0
359.0,-283.61199999999997,0.0
360.0,-400.0,0.0
361.0,-388.75,0.0
362.0,-383.5,0.0
363.0,-372.77500000000003,0.0
364.0,-370.0525,0.0
365.0,-367.057,0.0
366.0,-333.56575,0.0
367.0,-326.92375,0.0
368.0,-379.53775,0.0
369.0,-376.36674999999997,0.0
370.0,-377.5,0.0
371.0,-388.75,0.0
372.0,-400.0,0.0
373.0,-392.5,0.0
374.0,-391.75,0.0
375.0,-363.7,0.0
376.0,-380.035,0.0
377.0,-350.58549999999997,0.0
378.0,-345.6445,0.0
379.0,-376.74925,0.0
380.0,-313.03825,0.0
381.0,-360.61075000000005,0.0
382.0,-381.43075000000005,0.0
383.0,-338.72349999999994,0.0
384.0,-400.0,0.0
385.0,-373.75,0.0
386.0,-379.375,0.0
387.0,-363.7,0.0
388.0,-370.0525,0.0
389.0,-367.05625,0.0
390.0,-345.64525000000003,0.0
391.0,-346.85274999999996,0.0
392.0,-341.53824999999995,0.0
393.0,-287.461,0.0
394.0,-329.26225,0.0
395.0,-291.06325,0.0
396.0,-400.0,0.0
397.0,-381.25,0.0
398.0,-377.5,0.0
399.0,-373.75,0.0
400.0,-381.25,0.0
401.0,-370.0,0.0
402.0,-385.0,0.0
403.0,-396.25,0.0
404.0,-366.25,0.0
405.0,-383.5,0.0
406.0,-381.85,0.0
407.0,-380.035,0.0
408.0,-400.0,0.0
409.0,-388.75,0.0
410.0,-387.625,0.0
411.0,-368.23750000000007,0.0
412.0,-365.06125,0.0
413.0,-367.057,0.0
414.0,-321.48699999999997,0.0
415.0,-373.42674999999997,0.0
416.0,-341.53824999999995,0.0
417.0,-327.6535,0.0
418.0,-320.41975,0.0
419.0,-256.885,0.0
420.0,-400.0,0.0
421.0,-370.0,0.0
422.0,-379.375,0.0
423.0,-363.7,0.0
424.0,-365.06125,0.0
425.0,-361.56624999999997,0.0
426.0,-357.72325,0.0
427.0,-293.70625,0.0
428.0,-384.6535,0.0
429.0,-372.42775,0.0
430.0,-377.5,0.0
431.0,-385.0,0.0
432.0,-399.925,0.0
433.0,-392.5,1.0
434.0,-370.0,1.0
435.0,-388.75,1.0
436.0,-381.25,1.0
437.0,-388.75,1.0
438.0,-388.75,1.0
439.0,116.5,1.0
440.0,-385.0,1.0
441.0,-355.0,1.0
442.0,-381.25,1.0
443.0,-377.5,1.0
444.0,106.9267479591837,1.0
445.0,973.3565,1.0
446.0,389.76349999999996,1.0
447.0,314.74899999999997,1.0
448.0,1225.4756666666667,1.0
449.0,371.2885,1.0
450.0,-388.29324999999994,1.0
451.0,-400.0,1.0
452.0,-400.0,1.0
453.0,-400.0,1.0
454.0,-400.0,1.0
455.0,-400.0,1.0
456.0,-179.33270000000005,1.0
457.0,499.93050000000005,1.0
458.0,499.394,1.0
459.0,-110.51275000000004,1.0
460.0,-34.208500000000015,1.0
461.0,316.11150000000004,1.0
462.0,-179.47375,1.0
463.0,-237.29424999999998,1.0
464.0,-295.8265,1.0
465.0,-357.08875,1.0
466.0,-371.86225,1.0
467.0,-392.5,1.0
468.0,-377.5,0.7
469.0,-385.0,0.7
470.0,-373.75,0.7
471.0,-381.25,0.7
472.0,-392.1625,0.7
473.0,-381.25,0.7
474.0,-385.0,0.7
475.0,-370.0,0.7
476.0,-381.25,0.7
477.0,-377.5,0.7
478.0,-377.5,0.7
479.0,-366.25,0.7
480.0,-385.0,0.7
481.0,-366.25,0.7
482.0,-373.75,0.7
483.0,-392.5,0.7
484.0,120.0,0.7
485.0,113.0625,0.7
486.0,112.6445,0.7
487.0,-365.575,0.7
488.0,-330.57625,0.7
489.0,-357.9985,0.7
490.0,-299.74899999999997,0.7
491.0,184.54999999999995,0.7
492.0,23.87121111111108,0.7
493.0,-1629.4712000000002,0.7
494.0,-1981.0391000000004,0.7
495.0,94.32685999999997,0.7
496.0,857.029,0.7
497.0,-229.957,0.7
498.0,-400.0,0.7
499.0,-400.0,0.7
500.0,-400.0,0.7
501.0,-400.0,0.7
502.0,-400.0,0.7
503.0,-400.0,0.7
504.0,-385.0,0.7
505.0,-388.75,0.7
506.0,-385.0,0.7
507.0,-388.75,0.7
508.0,-381.25,0.7
509.0,-381.25,0.7
510.0,-385.0,0.7
511.0,-381.25,0.7
512.0,-388.75,0.7
513.0,-388.75,0.7
514.0,608.75,0.7
515.0,117.5,0.7
516.0,-370.0,0.7
517.0,-385.0,0.7
518.0,-370.0,0.7
519.0,112.10000000000002,0.7
520.0,-323.134,0.7
521.0,-360.13975000000005,0.7
522.0,-303.538,0.7
523.0,-302.73474999999996,0.7
524.0,240.97199999999998,0.7
525.0,-176.80525,0.7
526.0,-97.56700000000002,0.7
527.0,399.66557441860465,0.7
528.0,1323.9756666666667,0.7
529.0,954.275,0.7
530.0,869.47325,0.7
531.0,-1176.0250999999998,0.7
532.0,-400.0,0.7
533.0,-400.0,0.7
534.0,-400.0,0.7
535.0,-400.0,0.7
536.0,-400.0,0.7
537.0,-400.0,0.7
538.0,-400.0,0.7
539.0,-400.0,0.7
540.0,-400.0,0.7
541.0,-400.0,0.7
542.0,-400.0,0.7
543.0,-400.0,0.7
544.0,-400.0,0.7
545.0,-400.0,0.7
546.0,-400.0,0.7
547.0,-400.0,0.7
548.0,-400.0,0.7
549.0,-400.0,0.7
550.0,-400.0,0.7
551.0,-400.0,0.7
552.0,-377.5,0.7
553.0,120.0,0.7
554.0,-388.75,0.7
555.0,-377.5,0.7
556.0,-368.23750000000007,0.7
557.0,-350.58549999999997,0.7
558.0,-393.3565,0.7
559.0,158.949,0.7
560.0,-302.7355,0.7
561.0,-180.82375,0.7
562.0,-198.2275,0.7
563.0,-186.56510000000003,0.7
564.0,-18.911350000000056,0.7
565.0,476.30449999999996,0.7
566.0,-346.79660000000007,0.7
567.0,-262.56289999999996,0.7
568.0,-57.765249999999995,0.7
569.0,-256.681,0.7
570.0,-302.28249999999997,0.7
571.0,-326.71225,0.7
572.0,-372.51624999999996,0.7
573.0,116.49000000000001,0.7
574.0,-385.0,0.7
575.0,-377.5,0.7
576.0,-377.5,0.7
577.0,-381.25,0.7
578.0,-377.5,0.7
579.0,-377.5,0.7
580.0,-370.0,0.7
581.0,-396.25,0.7
582.0,-377.5,0.7
583.0,-392.5,0.7
584.0,-381.25,0.7
585.0,117.5,0.7
586.0,-373.75,0.7
587.0,-392.5,0.7
588.0,-388.75,0.7
589.0,-373.75,0.7
590.0,122.5,0.7
591.0,-379.375,0.7
592.0,-385.02625,0.7
593.0,-357.72325,0.7
594.0,158.4615,0.7
595.0,-311.57800000000003,0.7
596.0,-272.63275,0.7
597.0,-263.8825,0.7
598.0,-148.1275,0.7
599.0,-73.63299999999995,0.7
600.0,142.42819999999998,0.7
601.0,487.2127499999999,0.7
602.0,-643.1036,0.7
603.0,-65.25174999999997,0.7
604.0,238.62400000000002,0.7
605.0,-400.0,0.7
606.0,-400.0,0.7
607.0,-400.0,0.7
608.0,-400.0,0.7
609.0,-400.0,0.7
610.0,-400.0,0.7
611.0,-400.0,0.7
612.0,-400.0,0.7
613.0,-400.0,0.7
614.0,-400.0,0.7
615.0,-400.0,0.7
616.0,-400.0,0.7
617.0,-400.0,0.7
618.0,-400.0,0.7
619.0,-400.0,0.7
620.0,-400.0,0.7
621.0,-400.0,0.7
622.0,-400.0,0.7
623.0,-400.0,0.7
624.0,-385.0,0.7
625.0,-377.5,1.0
626.0,-385.0,1.0
627.0,119.25,1.0
628.0,-370.0525,1.0
629.0,-369.80275,1.0
630.0,-334.23025,1.0
631.0,-325.57825,1.0
632.0,160.1925,1.0
633.0,-166.97125,1.0
634.0,-55.37724999999995,1.0
635.0,376.3215,1.0
636.0,109.01024545454534,1.0
637.0,1820.425625,1.0
638.0,911.1460000000001,1.0
639.0,-400.0,1.0
640.0,-400.0,1.0
641.0,-400.0,1.0
642.0,-400.0,1.0
643.0,-400.0,1.0
644.0,-400.0,1.0
645.0,-400.0,1.0
646.0,-400.0,1.0
647.0,-400.0,1.0
648.0,182.93124999999986,1.0
649.0,1314.9186666666667,1.0
650.0,899.3585,1.0
651.0,-1166.6155999999999,1.0
652.0,-416.94079999999985,1.0
653.0,-42.41275000000002,1.0
654.0,-400.0,1.0
655.0,-400.0,1.0
656.0,-400.0,1.0
657.0,-400.0,1.0
658.0,-400.0,1.0
659.0,-400.0,1.0
660.0,-400.0,1.0
661.0,-400.0,1.0
662.0,-400.0,1.0
663.0,-400.0,1.0
664.0,-400.0,1.0
665.0,-400.0,1.0
666.0,-400.0,1.0
667.0,-400.0,1.0
668.0,-400.0,1.0
669.0,-400.0,1.0
670.0,-400.0,1.0
671.0,-400.0,1.0
672.0,-381.25,1.0
673.0,-385.0,1.0
674.0,-366.25,1.0
675.0,-381.25,1.0
676.0,112.5,1.0
677.0,-377.3125,1.0
678.0,-378.03775,1.0
679.0,-373.426,1.0
680.0,-313.39975,1.0
681.0,170.13550000000004,1.0
682.0,-211.08474999999999,1.0
683.0,-122.01999999999998,1.0
684.0,-535.7892327868856,1.0
685.0,307.999,1.0
686.0,-400.0,1.0
687.0,-400.0,1.0
688.0,-400.0,1.0
689.0,-400.0,1.0
690.0,-400.0,1.0
691.0,-400.0,1.0
692.0,-400.0,1.0
693.0,-400.0,1.0
694.0,-400.0,1.0
695.0,-400.0,1.0
696.0,-392.5,1.0
697.0,-385.0,1.0
698.0,-385.0,1.0
699.0,107.5,1.0
700.0,-370.0,1.0
701.0,-377.5,1.0
702.0,-385.0,1.0
703.0,117.5,1.0
704.0,-373.75,1.0
705.0,-385.0,1.0
706.0,-381.25,1.0
707.0,-392.5,1.0
708.0,-388.75,1.0
709.0,-377.3125,1.0
710.0,-361.56624999999997,1.0
711.0,131.00250000000005,1.0
712.0,-353.11225,1.0
713.0,-341.64025000000004,1.0
714.0,-235.23325,1.0
715.0,251.899,1.0
716.0,440.068,1.0
717.0,-179.60990000000004,1.0
718.0,820.501,1.0
719.0,1322.5573333333334,1.0
720.0,-578.6473999999998,1.0
721.0,-332.8583000000001,1.0
722.0,-19.116857142857242,1.0
723.0,384.7695,1.0
724.0,237.378,1.0
725.0,-400.0,1.0
726.0,-400.0,1.0
727.0,-400.0,1.0
728.0,-400.0,1.0
729.0,-400.0,1.0
730.0,-400.0,1.0
731.0,-400.0,1.0
732.0,-400.0,1.0
733.0,-400.0,1.0
734.0,-400.0,1.0
735.0,-400.0,1.0
736.0,-400.0,1.0
737.0,-400.0,1.0
738.0,-400.0,1.0
739.0,-400.0,1.0
740.0,-400.0,1.0
741.0,-400.0,1.0
742.0,-400.0,1.0
743.0,-400.0,1.0
744.0,-396.25,1.0
745.0,-400.0,1.0
746.0,-388.75,1.0
747.0,-367.0,1.0
748.0,-385.02625,1.0
749.0,136.603,1.0
750.0,139.8605,1.0
751.0,-327.6535,1.0
752.0,198.0045,1.0
753.0,154.39549999999997,1.0
754.0,327.8495,1.0
755.0,-105.70824999999999,1.0
756.0,942.0799999999999,1.0
757.0,-1440.8942000000002,1.0
758.0,-400.0,1.0
759.0,-400.0,1.0
760.0,-400.0,1.0
761.0,-400.0,1.0
762.0,-400.0,1.0
763.0,-400.0,1.0
764.0,-400.0,1.0
765.0,-400.0,1.0
766.0,-400.0,1.0
767.0,-400.0,1.0
768.0,-674.2832,1.0
769.0,-959.4887000000001,1.0
770.0,793.615,1.0
771.0,-76.86175000000006,1.0
772.0,712.615,1.0
773.0,291.998,1.0
774.0,178.02100000000002,1.0
775.0,-400.0,1.0
776.0,-400.0,1.0
777.0,-400.0,1.0
778.0,-400.0,1.0
779.0,-400.0,1.0
780.0,-400.0,1.0
781.0,-400.0,1.0
782.0,-400.0,1.0
783.0,-400.0,1.0
784.0,-400.0,1.0
785.0,-400.0,1.0
786.0,-400.0,1.0
787.0,-400.0,1.0
788.0,-400.0,1.0
789.0,-400.0,1.0
790.0,-400.0,1.0
791.0,-400.0,1.0
792.0,-392.5,1.0
793.0,-372.77500000000003,1.0
794.0,125.62199999999996,1.0
795.0,-333.5665,1.0
796.0,142.87199999999996,1.0
797.0,-293.00725,1.0
798.0,-277.16875000000005,1.0
799.0,260.08,1.0
800.0,-243.9955,1.0
801.0,724.07025,1.0
802.0,346.076,1.0
803.0,868.51775,1.0
804.0,1285.8893333333333,1.0
805.0,-400.0,1.0
806.0,-400.0,1.0
807.0,-400.0,1.0
808.0,-400.0,1.0
809.0,-400.0,1.0
810.0,-400.0,1.0
811.0,-400.0,1.0
812.0,-400.0,1.0
813.0,-400.0,1.0
814.0,-400.0,1.0
815.0,-400.0,1.0
816.0,175.0,1.0
817.0,-400.0,1.0
818.0,-400.0,1.0
819.0,-400.0,1.0
820.0,-400.0,1.0
821.0,-400.0,1.0
822.0,-400.0,1.0
823.0,-400.0,1.0
824.0,-400.0,1.0
825.0,-400.0,1.0
826.0,-400.0,1.0
827.0,-400.0,1.0
828.0,-400.0,1.0
829.0,-400.0,1.0
830.0,-400.0,1.0
831.0,-400.0,1.0
832.0,-400.0,1.0
833.0,-400.0,1.0
834.0,-400.0,1.0
835.0,-400.0,1.0
836.0,-400.0,1.0
837.0,-400.0,1.0
838.0,-400.0,1.0
839.0,-400.0,1.0
840.0,-396.25,1.0
841.0,-377.5,1.0
842.0,-362.5,1.0
843.0,-383.5,1.0
844.0,-359.16249999999997,1.0
845.0,-365.06125,1.0
846.0,-361.567,1.0
847.0,-357.72325,1.0
848.0,-326.923,1.0
849.0,-326.923,1.0
850.0,-327.6535,1.0
851.0,-321.5095,1.0
852.0,-1565.4199999999998,1.0
853.0,-826.9556000000002,1.0
854.0,420.64,1.0
855.0,-400.0,1.0
856.0,-400.0,1.0
857.0,-400.0,1.0
858.0,-400.0,1.0
859.0,-400.0,1.0
860.0,-400.0,1.0
861.0,-400.0,1.0
862.0,-400.0,1.0
863.0,-400.0,1.0
864.0,-381.25,1.0
865.0,-377.5,1.0
866.0,112.5,1.0
867.0,-381.25,1.0
868.0,-388.75,1.0
869.0,-388.75,1.0
870.0,-388.75,1.0
871.0,-385.0,1.0
872.0,-388.75,1.0
873.0,-385.0,1.0
874.0,-370.0,1.0
875.0,-392.5,1.0
876.0,115.0,1.0
877.0,-362.875,1.0
878.0,-370.0525,1.0
879.0,-363.76300000000003,1.0
880.0,-334.23025,1.0
881.0,-285.05049999999994,1.0
882.0,-293.00800000000004,1.0
883.0,230.29499999999996,1.0
884.0,-111.44874999999999,1.0
885.0,-311.48960000000017,1.0
886.0,-179.2598,1.0
887.0,374.44100000000003,1.0
